AXAnnouncements,https://bitbucket.org/mmontone/mold/raw/master/AXAnnouncements.pck.st
ValueModels,https://bitbucket.org/mmontone/mold/raw/master/ValueModels.pck.st
IA-EN-Dictionary,https://raw.githubusercontent.com/ebi1/cuis/master/IA-EN-Dictionary.pck.st
OMeta2,https://raw.githubusercontent.com/pbella/OMeta-Cuis/master/OMeta2.pck.st
OMeta2Extensions,https://raw.githubusercontent.com/pbella/OMeta-Cuis/master/OMeta2Extensions.pck.st
OMeta2Tests,https://raw.githubusercontent.com/pbella/OMeta-Cuis/master/OMeta2Tests.pck.st
OMeta2Examples,https://raw.githubusercontent.com/pbella/OMeta-Cuis/master/OMeta2Examples.pck.st
AdventOfCode,https://raw.githubusercontent.com/mpcjanssen/Cuis-Smalltalk-AOC/master/AdventOfCode.pck.st
PostgreSQL,https://raw.githubusercontent.com/nmingotti/Cuis-Smalltalk-PostgreSQL/master/PostgreSQL.pck.st
Tools-Finder,https://raw.githubusercontent.com/npapagna/cuis-finder/master/Tools-Finder.pck.st
Mail-Remote,https://raw.githubusercontent.com/Phantasus/Cuis-Smalltalk-Mail/master/Mail-Remote.pck.st
Mail-Morphs,https://raw.githubusercontent.com/Phantasus/Cuis-Smalltalk-Mail/master/Mail-Morphs.pck.st
Mail-Kernel,https://raw.githubusercontent.com/Phantasus/Cuis-Smalltalk-Mail/master/Mail-Kernel.pck.st
Mail-Sendmail-Sender,https://raw.githubusercontent.com/Phantasus/Cuis-Smalltalk-Mail/master/Mail-Sendmail-Sender.pck.st
MediaType-Kernel,https://raw.githubusercontent.com/Phantasus/Cuis-Smalltalk-Mail/master/MediaType-Kernel.pck.st
SVGMetaProperties,https://raw.githubusercontent.com/KenDickey/Cuis-Smalltalk-BabySteps/master/SVGMetaProperties.pck.st
SVGSolitaire,https://raw.githubusercontent.com/KenDickey/Cuis-Smalltalk-BabySteps/master/SVGSolitaire.pck.st
PickACard,https://raw.githubusercontent.com/KenDickey/Cuis-Smalltalk-BabySteps/master/PickACard.pck.st
Animator,https://raw.githubusercontent.com/KenDickey/Cuis-Smalltalk-BabySteps/master/Animator.pck.st
MorphIt,https://raw.githubusercontent.com/KenDickey/Cuis-Smalltalk-BabySteps/master/MorphIt.pck.st
Emergence,https://raw.githubusercontent.com/KenDickey/Cuis-Smalltalk-BabySteps/master/Emergence.pck.st
ValueHolder,https://raw.githubusercontent.com/KenDickey/Cuis-Smalltalk-BabySteps/master/ValueHolder.pck.st
Value-Constraints,https://raw.githubusercontent.com/KenDickey/Cuis-Smalltalk-BabySteps/master/Value-Constraints.pck.st
InstanceSpecificSubclass,https://raw.githubusercontent.com/KenDickey/Cuis-Smalltalk-BabySteps/master/InstanceSpecificSubclass.pck.st
PropertyEditor,https://raw.githubusercontent.com/KenDickey/Cuis-Smalltalk-BabySteps/master/PropertyEditor.pck.st
Morphic-Sprite,https://raw.githubusercontent.com/KenDickey/Cuis-Smalltalk-BabySteps/master/Morphic-Sprite.pck.st
FrameMorph,https://raw.githubusercontent.com/KenDickey/Cuis-Smalltalk-BabySteps/master/FrameMorph.pck.st
Morphic-Views,https://raw.githubusercontent.com/KenDickey/Cuis-Smalltalk-BabySteps/master/Morphic-Views.pck.st
Chip8,https://raw.githubusercontent.com/thiagoslino/Cuis-Smalltalk-Chip8/master/Chip8.pck.st
SQLiteAdapter,https://raw.githubusercontent.com/Phantasus/Cuis-Smalltalk-Sqlite/master/SQLiteAdapter.pck.st
SQLite3,https://raw.githubusercontent.com/Phantasus/Cuis-Smalltalk-Sqlite/master/SQLite3.pck.st
VMMaker,https://raw.githubusercontent.com/Cuis-Smalltalk/VMMaker/master/VMMaker.pck.st
Balloon,https://raw.githubusercontent.com/Cuis-Smalltalk/VMMaker/master/Balloon.pck.st
Tests-VMMaker,https://raw.githubusercontent.com/Cuis-Smalltalk/VMMaker/master/Tests-VMMaker.pck.st
Compatibility-VMMaker,https://raw.githubusercontent.com/Cuis-Smalltalk/VMMaker/master/Compatibility-VMMaker.pck.st
RenameFileApp,https://raw.githubusercontent.com/nmingotti/RenameFileApp/master/RenameFileApp.pck.st
OMeta2UriParser,https://raw.githubusercontent.com/Phantasus/Cuis-Smalltalk-URI-Kernel/master/OMeta2UriParser.pck.st
URI-Kernel,https://raw.githubusercontent.com/Phantasus/Cuis-Smalltalk-URI-Kernel/master/URI-Kernel.pck.st
TableStreamers,https://raw.githubusercontent.com/Phantasus/Cuis-Smalltalk-Streamers/master/TableStreamers.pck.st
Tools-Finder,https://raw.githubusercontent.com/hernanwilkinson/cuis-finder-asWidget/master/Tools-Finder.pck.st
CBOR,https://raw.githubusercontent.com/Phantasus/Cuis-Smalltalk-CBOR/master/CBOR.pck.st
FlakyTestsDetector,https://raw.githubusercontent.com/ngarbezza/Cuis-Smalltalk-Utilities/master/packages/FlakyTestsDetector.pck.st
CollaborationCounter,https://raw.githubusercontent.com/ngarbezza/Cuis-Smalltalk-Utilities/master/packages/CollaborationCounter.pck.st
Utils-Percentage,https://raw.githubusercontent.com/ngarbezza/Cuis-Smalltalk-Utilities/master/packages/Utils-Percentage.pck.st
CronDaemon,https://raw.githubusercontent.com/nmingotti/Cuis-Smalltalk-CronDaemon/master/CronDaemon.pck.st
Covid19,https://raw.githubusercontent.com/thiagoslino/Covid19/master/Covid19.pck.st
AskLinux,https://raw.githubusercontent.com/nmingotti/Cuis-Smalltalk-AskLinux/master/AskLinux.pck.st
QuickNote,https://raw.githubusercontent.com/nmingotti/Cuis-Smalltalk-QuickNote/master/QuickNote.pck.st
Animator,https://raw.githubusercontent.com/KenDickey/Cuis-Smalltalk-Animator/master/Animator.pck.st
Gemini-Kernel,https://raw.githubusercontent.com/Phantasus/Cuis-Smalltalk-Gemini-Kernel/master/Gemini-Kernel.pck.st
SystemUpdater,https://raw.githubusercontent.com/npapagna/cuis-system-updater/master/SystemUpdater.pck.st
Ultibo-Pilot,https://raw.githubusercontent.com/markfirmware/Cuis-Smalltalk-Ultibo-Pilot/master/Ultibo-Pilot.pck.st
MyDataStructures,https://raw.githubusercontent.com/nmingotti/Cuis-Smalltalk-MyDataStructures/master/MyDataStructures.pck.st
StyledTextNotebook,https://raw.githubusercontent.com/bpieber/Cuis-Smalltalk-StyledTextEditor/master/StyledTextNotebook.pck.st
StyledTextWiki,https://raw.githubusercontent.com/bpieber/Cuis-Smalltalk-StyledTextEditor/master/StyledTextWiki.pck.st
StyledText,https://raw.githubusercontent.com/bpieber/Cuis-Smalltalk-StyledTextEditor/master/StyledText.pck.st
RTFImporting,https://raw.githubusercontent.com/bpieber/Cuis-Smalltalk-StyledTextEditor/master/RTFImporting.pck.st
RTFClipboardTests,https://raw.githubusercontent.com/bpieber/Cuis-Smalltalk-StyledTextEditor/master/RTFClipboardTests.pck.st
RTFTests,https://raw.githubusercontent.com/bpieber/Cuis-Smalltalk-StyledTextEditor/master/RTFTests.pck.st
StyledTextInstaller,https://raw.githubusercontent.com/bpieber/Cuis-Smalltalk-StyledTextEditor/master/StyledTextInstaller.pck.st
RTFExporting,https://raw.githubusercontent.com/bpieber/Cuis-Smalltalk-StyledTextEditor/master/RTFExporting.pck.st
AweSOM-VM,https://raw.githubusercontent.com/Phantasus/Cuis-Smalltalk-AweSOM/master/AweSOM-VM.pck.st
AweSOM-Compiler,https://raw.githubusercontent.com/Phantasus/Cuis-Smalltalk-AweSOM/master/AweSOM-Compiler.pck.st
AweSOM-Meta,https://raw.githubusercontent.com/Phantasus/Cuis-Smalltalk-AweSOM/master/AweSOM-Meta.pck.st
AweSOM-Interpreter,https://raw.githubusercontent.com/Phantasus/Cuis-Smalltalk-AweSOM/master/AweSOM-Interpreter.pck.st
AweSOM-Test,https://raw.githubusercontent.com/Phantasus/Cuis-Smalltalk-AweSOM/master/AweSOM-Test.pck.st
AweSOM-CoreObjects,https://raw.githubusercontent.com/Phantasus/Cuis-Smalltalk-AweSOM/master/AweSOM-CoreObjects.pck.st
Morphic-DWM,https://raw.githubusercontent.com/len/Cuis-Smalltalk-DWM/master/Morphic-DWM.pck.st
PopupFinder,https://raw.githubusercontent.com/mmontone/Cuis-PopupFinder/master/PopupFinder.pck.st
WorldKeyStrokes,https://raw.githubusercontent.com/mmontone/Cuis-PopupFinder/master/WorldKeyStrokes.pck.st
Morphic-Circular,https://raw.githubusercontent.com/hilaire/cuis-xp/master/Morphic-Circular.pck.st
DrGeo,https://raw.githubusercontent.com/hilaire/cuis-xp/master/DrGeo.pck.st
Gutenberg,https://bitbucket.org/mmontone/mold/raw/master/Gutenberg.pck.st
Props,https://bitbucket.org/mmontone/mold/raw/master/Props.pck.st
Morphic-Widgets-Extras2,https://bitbucket.org/mmontone/mold/raw/master/Morphic-Widgets-Extras2.pck.st
Props-Preferences,https://bitbucket.org/mmontone/mold/raw/master/PropsPreferences.pck.st
Morphic-Misc1,https://raw.githubusercontent.com/Cuis-Smalltalk/Morphic/master/Morphic-Misc1/Morphic-Misc1.pck.st
Morph-MetaProperties,https://raw.githubusercontent.com/Cuis-Smalltalk/Morphic/master/MetaProperties/Morph-MetaProperties.pck.st
Morphic-ColorEditor,https://raw.githubusercontent.com/Cuis-Smalltalk/Morphic/master/ColorEditor/Morphic-ColorEditor.pck.st
Morphic-Widgets-Extras,https://raw.githubusercontent.com/Cuis-Smalltalk/Morphic/master/Morphic-Widgets-Extras.pck.st
WaitSpinner,https://raw.githubusercontent.com/Cuis-Smalltalk/Morphic/master/WaitSpinner.pck.st
Avatar,https://raw.githubusercontent.com/Cuis-Smalltalk/Morphic/master/Avatar.pck.st
Pen,https://raw.githubusercontent.com/Cuis-Smalltalk/Morphic/master/Pen.pck.st
BouncingAtoms,https://raw.githubusercontent.com/Cuis-Smalltalk/Morphic/master/BouncingAtoms.pck.st
WheelMorph,https://raw.githubusercontent.com/Cuis-Smalltalk/Morphic/master/WheelMorph.pck.st
Dice,https://raw.githubusercontent.com/Cuis-Smalltalk/Morphic/master/Dice.pck.st
PetitParserTutorial,https://raw.githubusercontent.com/Cuis-Smalltalk/Erudite/master/PetitParserTutorial.pck.st
Erudite,https://raw.githubusercontent.com/Cuis-Smalltalk/Erudite/master/Erudite.pck.st
EruditeToolsExtensions,https://raw.githubusercontent.com/Cuis-Smalltalk/Erudite/master/EruditeToolsExtensions.pck.st
MorphicBook,https://raw.githubusercontent.com/Cuis-Smalltalk/Erudite/master/MorphicBook.pck.st
PetitParserBinding,https://raw.githubusercontent.com/Cuis-Smalltalk/Erudite/master/PetitParserBinding.pck.st
TrafficLight,https://raw.githubusercontent.com/Cuis-Smalltalk/CodeExamples/master/TrafficLight/TrafficLight.pck.st
IA-EN-Dictionary,https://raw.githubusercontent.com/Cuis-Smalltalk/CodeExamples/master/IA-EN-Dictionary/IA-EN-Dictionary.pck.st
Code-Patterns,https://raw.githubusercontent.com/Cuis-Smalltalk/CodeExamples/master/Patterns/Code-Patterns.pck.st
CommandShell,https://raw.githubusercontent.com/dtlewis290/Cuis-Smalltalk-CommandShell/master/CommandShell.pck.st
Animation,https://raw.githubusercontent.com/hilaire/cuis-xp/master/Animation.pck.st
Wheel,https://raw.githubusercontent.com/hilaire/cuis-xp/master/Wheel.pck.st
Morphic-Circular-old,https://raw.githubusercontent.com/hilaire/cuis-xp/master/Morphic-Circular-old.pck.st
Morphic-DrawingTools,https://raw.githubusercontent.com/hilaire/cuis-xp/master/Morphic-DrawingTools.pck.st
Dice,https://raw.githubusercontent.com/hilaire/cuis-xp/master/Dice.pck.st
Pen,https://raw.githubusercontent.com/hilaire/cuis-xp/master/Pen.pck.st
Avatar,https://raw.githubusercontent.com/hilaire/cuis-xp/master/Avatar.pck.st
PowerLang,https://raw.githubusercontent.com/KenDickey/BeeYourself/master/PowerLang.pck.st
BeeCompatibility,https://raw.githubusercontent.com/KenDickey/BeeYourself/master/BeeCompatibility.pck.st
RISC5-Instructions,https://raw.githubusercontent.com/KenDickey/BeeYourself/master/RISC5-Instructions.pck.st
MachineArithmetic,https://raw.githubusercontent.com/KenDickey/BeeYourself/master/MachineArithmetic.pck.st
BeePParser,https://raw.githubusercontent.com/KenDickey/BeeYourself/main/BeePParser/BeePParser.pck.st
Ring2,https://raw.githubusercontent.com/KenDickey/BeeYourself/master/Ring2.pck.st
CodeCoverage,https://raw.githubusercontent.com/npapagna/cuis-code-coverage/master/CodeCoverage.pck.st
PostgresAdapter,https://raw.githubusercontent.com/Phantasus/Cuis-Smalltalk-Postgres/master/PostgresAdapter.pck.st
Postgres,https://raw.githubusercontent.com/Phantasus/Cuis-Smalltalk-Postgres/master/references/Postgres.pck.st
P3,https://raw.githubusercontent.com/Phantasus/Cuis-Smalltalk-Postgres/master/P3.pck.st
TensorFlow-Kernel,https://raw.githubusercontent.com/Cuis-Smalltalk/Machine-Learning/master/Packages/TensorFlow-Kernel.pck.st
TensorFlow-Examples,https://raw.githubusercontent.com/Cuis-Smalltalk/Machine-Learning/master/Packages/TensorFlow-Examples.pck.st
GeographicDatasets,https://raw.githubusercontent.com/Cuis-Smalltalk/GeographicInformationSystems/master/GeographicDatasets.pck.st
Cartography,https://raw.githubusercontent.com/Cuis-Smalltalk/GeographicInformationSystems/master/Cartography.pck.st
SVG,https://raw.githubusercontent.com/Cuis-Smalltalk/SVG/master/SVG.pck.st
OSProcess,https://raw.githubusercontent.com/Cuis-Smalltalk/OSProcess/master/OSProcess.pck.st
Morphic-Games-Solitaire,https://raw.githubusercontent.com/Cuis-Smalltalk/Games/master/Solitaire/Morphic-Games-Solitaire.pck.st
Life,https://raw.githubusercontent.com/Cuis-Smalltalk/Games/master/Life/Life.pck.st
AnagramAid,https://raw.githubusercontent.com/Cuis-Smalltalk/Games/master/AnagramAid/AnagramAid.pck.st
SecretSanta,https://raw.githubusercontent.com/Cuis-Smalltalk/Games/master/SecretSanta/SecretSanta.pck.st
Game,https://raw.githubusercontent.com/Cuis-Smalltalk/Games/master/GameClasses/Game.pck.st
Construction,https://raw.githubusercontent.com/Cuis-Smalltalk/Games/master/Construction/Construction.pck.st
Ropes,https://raw.githubusercontent.com/Cuis-Smalltalk/EnhancedText/master/Ropes/Ropes.pck.st
UniCodes,https://raw.githubusercontent.com/Cuis-Smalltalk/EnhancedText/master/Unicode/UniCodes.pck.st
UniCodesTrueType,https://raw.githubusercontent.com/Cuis-Smalltalk/EnhancedText/master/Unicode/UniCodesTrueType.pck.st
UniCodesTests,https://raw.githubusercontent.com/Cuis-Smalltalk/EnhancedText/master/Unicode/UniCodesTests.pck.st
PetitTests,https://raw.githubusercontent.com/Cuis-Smalltalk/Parsers/master/PetitParser/PetitTests.pck.st
PetitParser,https://raw.githubusercontent.com/Cuis-Smalltalk/Parsers/master/PetitParser/PetitParser.pck.st
PetitTutorial,https://raw.githubusercontent.com/Cuis-Smalltalk/Parsers/master/PetitParser/PetitTutorial.pck.st
Chalten,https://raw.githubusercontent.com/Cuis-Smalltalk/Calendars/master/Chalten/Chalten.pck.st
Aconcagua,https://raw.githubusercontent.com/Cuis-Smalltalk/Measures/master/Aconcagua/Aconcagua.pck.st
Statistics,https://raw.githubusercontent.com/Cuis-Smalltalk/Numerics/master/Statistics.pck.st
Math 3D,https://raw.githubusercontent.com/Cuis-Smalltalk/Numerics/master/Math%203D.pck.st
ProbabilityDistributions,https://raw.githubusercontent.com/Cuis-Smalltalk/Numerics/master/ProbabilityDistributions.pck.st
LinearAlgebra,https://raw.githubusercontent.com/Cuis-Smalltalk/Numerics/master/LinearAlgebra.pck.st
ImageProcessing,https://raw.githubusercontent.com/Cuis-Smalltalk/Numerics/master/ImageProcessing.pck.st
SignalProcessing,https://raw.githubusercontent.com/Cuis-Smalltalk/Numerics/master/SignalProcessing.pck.st
NumericalMethods,https://raw.githubusercontent.com/Cuis-Smalltalk/Numerics/master/NumericalMethods.pck.st
LinearAlgebra_CompactArrays,https://raw.githubusercontent.com/Cuis-Smalltalk/Numerics/master/LinearAlgebra_CompactArrays.pck.st
LinearAlgebra_OpenCLExtensions,https://raw.githubusercontent.com/Cuis-Smalltalk/Numerics/master/LinearAlgebra_OpenCLExtensions.pck.st
QuickViews,https://bitbucket.org/mmontone/mold/raw/master/QuickViews.pck.st
Regex-Core,https://raw.githubusercontent.com/nmingotti/Cuis-Smalltalk-Regex/master/Regex-Core.pck.st
Regex-Tests,https://raw.githubusercontent.com/nmingotti/Cuis-Smalltalk-Regex/master/Regex-Tests.pck.st
Regex,https://raw.githubusercontent.com/nmingotti/Cuis-Smalltalk-Regex/master/Regex.pck.st
Control-Continuations,https://raw.githubusercontent.com/KenDickey/Cuis-Smalltalk-Continuations/master/Control-Continuations.pck.st
Continuations,https://raw.githubusercontent.com/KenDickey/Cuis-Smalltalk-Continuations/master/Continuations.pck.st
Magritte,https://raw.githubusercontent.com/mmontone/Cuis-Magritte/main/Magritte.pck.st
MagritteBook,https://raw.githubusercontent.com/mmontone/Cuis-Magritte/main/MagritteBook.pck.st
PreferenceBrowser,https://bitbucket.org/mmontone/cuis-smalltalk-preferencebrowser/raw/master/PreferenceBrowser.pck.st
FlatFileList,https://bitbucket.org/mmontone/mold/raw/master/FlatFileList.pck.st
MethodAdvisers,https://raw.githubusercontent.com/Cuis-Smalltalk/Erudite/master/experimental/MethodAdvisers.pck.st
BreakpointsManager,https://bitbucket.org/mmontone/mold/raw/master/BreakpointsManager.pck.st
MessageTracer,https://bitbucket.org/mmontone/mold/raw/master/MessageTracer.pck.st
ReactiveMorphs,https://bitbucket.org/mmontone/mold/raw/master/ReactiveMorphs.pck.st
ReactiveMorphsWidgets,https://bitbucket.org/mmontone/mold/raw/master/ReactiveMorphsWidgets.pck.st
ReactiveMorphsExamples,https://bitbucket.org/mmontone/mold/raw/master/ReactiveMorphsExamples.pck.st
ReactiveMorphsBook,https://bitbucket.org/mmontone/mold/raw/master/ReactiveMorphsBook.pck.st